{"cameraMode":{"drawMode":0,"name":"Shaded","section":"Shading Mode"},"sceneLighting":true,"audioPlay":false,"sceneViewState":{"showFog":true,"showMaterialUpdate":false,"showSkybox":true,"showFlares":true,"showImageEffects":true,"showParticleSystems":true},"in2DMode":false,"pivot":{"x":32.58068084716797,"y":0.29765012860298159,"z":-136.11842346191407},"rotation":{"x":-0.06677805632352829,"y":-0.6832536458969116,"z":0.0629858672618866,"w":-0.7243880033493042},"size":3.6564691066741945,"orthographic":false}